{"cameraMode":{"drawMode":0,"name":"Shaded","section":"Shading Mode"},"sceneLighting":false,"audioPlay":false,"sceneViewState":{"m_AlwaysRefresh":false,"showFog":true,"showSkybox":false,"showFlares":true,"showImageEffects":true,"showParticleSystems":true,"showVisualEffectGraphs":true,"m_FxEnabled":true},"in2DMode":false,"pivot":{"x":0.0021461844444274904,"y":0.8997247219085693,"z":-0.0022138655185699465},"rotation":{"x":0.17883479595184327,"y":0.7410350441932678,"z":-0.21735616028308869,"w":0.6097185015678406},"size":1.2698452472686768,"orthographic":true}